MAT,MAP,PAS,EXT,CMD,Tave_wt,Tave_sm,PPT_wt,PPT_sm
1,-0.4755566334309436,-0.80659351463489,0.8015964253331966,0.7480749974346141,0.927470504352721,0.8519039377781079,-0.41853945763655465,-0.5731916944770794
-0.4755566334309436,1,0.43046147785635425,-0.43312094197100814,-0.813537053003635,-0.36963158533154944,-0.5103626089778299,0.987812949181159,0.6148235553279235
-0.80659351463489,0.43046147785635425,1,-0.6566035635543216,-0.5745371722320064,-0.766082512481489,-0.6637893415684932,0.3920285513161121,0.42940449528858704
0.8015964253331966,-0.43312094197100814,-0.6566035635543216,1,0.784406990011932,0.5809807122458064,0.9240245367596165,-0.39452532180774114,-0.5059431783443727
0.7480749974346141,-0.813537053003635,-0.5745371722320064,0.784406990011932,1,0.5677616105868946,0.8260970253747267,-0.7647352373270141,-0.7134865180049357
0.927470504352721,-0.36963158533154944,-0.766082512481489,0.5809807122458064,0.5677616105868946,1,0.6031345692322451,-0.3178016589551254,-0.4783984289891932
0.8519039377781079,-0.5103626089778299,-0.6637893415684932,0.9240245367596165,0.8260970253747267,0.6031345692322451,1,-0.4637384960260497,-0.5578229238775574
-0.41853945763655465,0.987812949181159,0.3920285513161121,-0.39452532180774114,-0.7647352373270141,-0.3178016589551254,-0.4637384960260497,1,0.4968580032628253
-0.5731916944770794,0.6148235553279235,0.42940449528858704,-0.5059431783443727,-0.7134865180049357,-0.4783984289891932,-0.5578229238775574,0.4968580032628253,1
