CHROM,d1,d2
CE10_chr1,224.05425178677456,11.480769287373874
CE10_chr2,191.58256297562232,37.63478246574567
CE10_chr3,240.38445567471348,-5.056108480245754
CE10_chr4,215.58510377746956,18.263841083879626
CE10_chr5,202.0768806116821,37.35689060448058
CE10_chr6,180.16912224634945,51.257140305537845
CE10_chr7,227.25937150566617,4.6474241392927524
CE10_chr8,185.1070862974501,52.70909363816135
