CHROM,d1,d2
CE10_chr1,222.02444676846477,13.138539684515948
CE10_chr2,191.4274662970578,37.537292919433526
CE10_chr3,236.38546290095354,-1.363253849406803
CE10_chr4,228.3843331025884,5.720783168342976
CE10_chr5,202.99165256217066,36.207600953552415
CE10_chr6,193.86824296837426,37.37660972638247
CE10_chr7,227.02783400931207,4.663783540123674
CE10_chr8,186.80452606375493,51.02167258882588
