Site,cumul_slope
1,22.65761641909357
2,18.047430363663608
3,19.739103194856817
4,35.28938486643868
5,6.826048121701943
6,11.942737293024058
7,1.5254823036767768
8,15.211672231447102
9,12.134061913471873
10,13.17718967050386
11,19.31580059154936
12,3.213328908562922
