CHROM,d1,d2
CE10_chr1,271.3784574453831,-28.157044948475033
CE10_chr2,215.233293865591,22.978436797835386
CE10_chr3,235.4314347021924,3.625214305370065
CE10_chr4,231.55522657576006,10.098454769003254
CE10_chr5,223.06630129750187,28.136623076475743
CE10_chr6,225.96582531250937,11.728922543001005
CE10_chr7,236.60987780458044,0.5905474639576909
CE10_chr8,217.33448466994912,33.435427226823975
