CHROM,d1,d2
CE10_chr1,275.62675961093134,-32.27586364056285
CE10_chr2,217.68971550891231,20.76629752329842
CE10_chr3,242.03523387096095,-2.53305533595163
CE10_chr4,235.9603146318732,6.163503109395066
CE10_chr5,226.4577349325345,25.185813893961992
CE10_chr6,227.5193003558857,10.249991681775839
CE10_chr7,239.5502924731867,-2.17882481363489
CE10_chr8,218.36410144676856,32.79923838474298
