chr_snp,Env,BF
CE10_chr1_41675824,2,11.92006713
CE10_chr2_2661768,2,15.53394724
CE10_chr2_6956638,2,11.85011907
CE10_chr3_849635,2,17.94188581
CE10_chr3_850098,2,12.56891554
CE10_chr3_850584,2,10.48425704
CE10_chr4_46054440,2,13.47985382
CE10_chr5_9830836,2,15.2800987
CE10_chr5_9836990,2,12.34471163
CE10_chr5_47349886,2,30.80768468
CE10_chr7_987484,2,11.90828892
CE10_chr7_30309817,2,11.34209512
CE10_chr7_30621013,2,10.1855942
CE10_chr7_30994029,2,10.25949167
CE10_chr7_39925591,2,11.79435528
CE10_chr7_39927324,2,14.1803944
CE10_chr7_39928890,2,17.36188516
CE10_chr8_449265,2,14.20939686
CE10_chr8_39535580,2,21.7159315
