chr_snp,Env,BF,snp_c,win
CE10_chr1_41675824,5,10.1616872,41675824,4167
CE10_chr4_9193464,5,11.87747458,158473486,15850
CE10_chr4_9195003,5,11.89401011,158475025,15850
CE10_chr5_9830836,5,12.77866941,208780180,20882
CE10_chr5_9836990,5,11.68888861,208786334,20882
CE10_chr5_9953812,5,10.61512684,208903156,20894
CE10_chr5_10017855,5,11.63157083,208967199,20900
CE10_chr5_10019067,5,17.9872126,208968411,20900
CE10_chr5_47349886,5,17.0261832,246299230,24633
CE10_chr6_53832299,5,13.48596622,304462901,30451
CE10_chr6_53835873,5,11.18933245,304466475,30451
CE10_chr6_53837035,5,23.5975784,304467637,30451
CE10_chr6_53837813,5,10.70769503,304468415,30451
CE10_chr7_4164614,5,15.49674027,316310312,31637
CE10_chr7_4172139,5,10.32571351,316317837,31637
CE10_chr7_30313559,5,12.97595041,342459257,34251
CE10_chr7_30623199,5,14.52467322,342768897,34282
CE10_chr7_32532317,5,14.53880319,344678015,34473
CE10_chr7_45176171,5,10.29957844,357321869,35738
CE10_chr8_39535580,5,10.6170232,397628284,39769
CE10_chr1_865732,1,30.88410024,865732,86
CE10_chr1_4675850,1,31.53882359,4675850,467
CE10_chr1_10682650,1,30.92863916,10682650,1068
CE10_chr2_2890930,1,40.47255851,48866754,4887
CE10_chr2_13563156,1,34.14624381,59538980,5954
CE10_chr2_22904891,1,33.26969198,68880715,6889
CE10_chr2_41091592,1,39.71564205,87067416,8707
CE10_chr2_44949494,1,32.44051127,90925318,9093
CE10_chr4_9736713,1,38.04157378,159016735,15904
CE10_chr4_45367078,1,38.7381815,194647100,19467
CE10_chr5_6592466,1,36.27275184,205541810,20558
CE10_chr5_8751850,1,40.24457258,207701194,20774
CE10_chr5_35111467,1,39.11402739,234060811,23410
CE10_chr6_257233,1,31.51528296,250887835,25093
CE10_chr6_1416066,1,31.84187074,252046668,25209
CE10_chr6_8042005,1,45.26678154,258672607,25872
CE10_chr6_60718601,1,32.13947597,311349203,31139
CE10_chr7_11015414,1,30.26853556,323161112,32322
CE10_chr7_11303734,1,30.65148739,323449432,32350
CE10_chr7_18760873,1,32.32247114,330906571,33096
CE10_chr7_23178958,1,36.84613685,335324656,33538
CE10_chr7_23731913,1,33.70024889,335877611,33593
CE10_chr7_28948567,1,32.21326095,341094265,34115
CE10_chr7_39914579,1,31.24843227,352060277,35212
CE10_chr7_40848773,1,32.97423251,352994471,35305
CE10_chr8_47752251,1,31.10042001,405844955,40591
