chr_snp,Env,BF,snp_c,win
CE10_chr1_41675824,2,11.92006713,41675824,4167
CE10_chr2_2661768,2,15.53394724,48637592,4864
CE10_chr2_6956638,2,11.85011907,52932462,5294
CE10_chr3_849635,2,17.94188581,100282380,10030
CE10_chr3_850098,2,12.56891554,100282843,10030
CE10_chr3_850584,2,10.48425704,100283329,10030
CE10_chr4_46054440,2,13.47985382,195334462,19536
CE10_chr5_9830836,2,15.2800987,208780180,20882
CE10_chr5_9836990,2,12.34471163,208786334,20882
CE10_chr7_987484,2,11.90828892,313133182,31319
CE10_chr7_30309817,2,11.34209512,342455515,34251
CE10_chr7_30621013,2,10.1855942,342766711,34282
CE10_chr7_30994029,2,10.25949167,343139727,34319
CE10_chr7_39925591,2,11.79435528,352071289,35213
CE10_chr7_39927324,2,14.1803944,352073022,35213
CE10_chr7_39928890,2,17.36188516,352074588,35213
CE10_chr8_449265,2,14.20939686,358541969,35861
CE10_chr8_39535580,2,21.7159315,397628284,39769
CE10_chr1_865732,1,30.88410024,865732,86
CE10_chr1_4675850,1,31.53882359,4675850,467
CE10_chr1_10682650,1,30.92863916,10682650,1068
CE10_chr2_2890930,1,40.47255851,48866754,4887
CE10_chr2_13563156,1,34.14624381,59538980,5954
CE10_chr2_22904891,1,33.26969198,68880715,6889
CE10_chr2_41091592,1,39.71564205,87067416,8707
CE10_chr2_44949494,1,32.44051127,90925318,9093
CE10_chr4_9736713,1,38.04157378,159016735,15904
CE10_chr4_45367078,1,38.7381815,194647100,19467
CE10_chr5_6592466,1,36.27275184,205541810,20558
CE10_chr5_8751850,1,40.24457258,207701194,20774
CE10_chr5_35111467,1,39.11402739,234060811,23410
CE10_chr6_257233,1,31.51528296,250887835,25093
CE10_chr6_1416066,1,31.84187074,252046668,25209
CE10_chr6_8042005,1,45.26678154,258672607,25872
CE10_chr6_60718601,1,32.13947597,311349203,31139
CE10_chr7_11015414,1,30.26853556,323161112,32322
CE10_chr7_11303734,1,30.65148739,323449432,32350
CE10_chr7_18760873,1,32.32247114,330906571,33096
CE10_chr7_23178958,1,36.84613685,335324656,33538
CE10_chr7_23731913,1,33.70024889,335877611,33593
CE10_chr7_28948567,1,32.21326095,341094265,34115
CE10_chr7_39914579,1,31.24843227,352060277,35212
CE10_chr7_40848773,1,32.97423251,352994471,35305
CE10_chr8_47752251,1,31.10042001,405844955,40591
